-- phpMyAdmin SQL Dump
-- version 5.1.1
-- https://www.phpmyadmin.net/
--
-- Хост: database
-- Время создания: Сен 18 2024 г., 18:39
-- Версия сервера: 5.7.29
-- Версия PHP: 7.4.20

SET SQL_MODE = "NO_AUTO_VALUE_ON_ZERO";
START TRANSACTION;
SET time_zone = "+00:00";


/*!40101 SET @OLD_CHARACTER_SET_CLIENT=@@CHARACTER_SET_CLIENT */;
/*!40101 SET @OLD_CHARACTER_SET_RESULTS=@@CHARACTER_SET_RESULTS */;
/*!40101 SET @OLD_COLLATION_CONNECTION=@@COLLATION_CONNECTION */;
/*!40101 SET NAMES utf8mb4 */;

--
-- База данных: `base`
--

-- --------------------------------------------------------

--
-- Структура таблицы `availabilities`
--

CREATE TABLE `availabilities` (
  `id` int(11) NOT NULL,
  `amount` int(11) NOT NULL,
  `product_id` int(11) NOT NULL,
  `stock_id` int(11) NOT NULL
) ENGINE=InnoDB DEFAULT CHARSET=utf8 COLLATE=utf8_unicode_ci;

--
-- Дамп данных таблицы `availabilities`
--

INSERT INTO `availabilities` (`id`, `amount`, `product_id`, `stock_id`) VALUES
(1, 3, 1, 1),
(2, 2, 1, 5),
(5, 5, 2, 1),
(6, 2, 5, 5),
(9, 1, 6, 1),
(10, 1, 6, 5);

-- --------------------------------------------------------

--
-- Структура таблицы `categories`
--

CREATE TABLE `categories` (
  `id` int(11) NOT NULL,
  `title` varchar(50) COLLATE utf8_unicode_ci NOT NULL
) ENGINE=InnoDB DEFAULT CHARSET=utf8 COLLATE=utf8_unicode_ci;

--
-- Дамп данных таблицы `categories`
--

INSERT INTO `categories` (`id`, `title`) VALUES
(1, 'Электроника'),
(2, 'Бытовая техника');

-- --------------------------------------------------------

--
-- Структура таблицы `products`
--

CREATE TABLE `products` (
  `id` int(11) NOT NULL,
  `title` varchar(50) COLLATE utf8_unicode_ci NOT NULL,
  `category_id` int(11) NOT NULL
) ENGINE=InnoDB DEFAULT CHARSET=utf8 COLLATE=utf8_unicode_ci;

--
-- Дамп данных таблицы `products`
--

INSERT INTO `products` (`id`, `title`, `category_id`) VALUES
(1, 'Телевизор LG', 1),
(2, 'Смартфон Samsung', 1),
(5, 'Микроволновая печь Redmond', 2),
(6, 'Кухонная вытяжка Elica', 2);

-- --------------------------------------------------------

--
-- Структура таблицы `stocks`
--

CREATE TABLE `stocks` (
  `id` int(11) NOT NULL,
  `title` varchar(50) COLLATE utf8_unicode_ci NOT NULL
) ENGINE=InnoDB DEFAULT CHARSET=utf8 COLLATE=utf8_unicode_ci;

--
-- Дамп данных таблицы `stocks`
--

INSERT INTO `stocks` (`id`, `title`) VALUES
(1, 'Главный склад'),
(5, 'Склад на Бакинской');

--
-- Индексы сохранённых таблиц
--

--
-- Индексы таблицы `availabilities`
--
ALTER TABLE `availabilities`
  ADD PRIMARY KEY (`id`);

--
-- Индексы таблицы `categories`
--
ALTER TABLE `categories`
  ADD PRIMARY KEY (`id`);

--
-- Индексы таблицы `products`
--
ALTER TABLE `products`
  ADD PRIMARY KEY (`id`);

--
-- Индексы таблицы `stocks`
--
ALTER TABLE `stocks`
  ADD PRIMARY KEY (`id`);

--
-- AUTO_INCREMENT для сохранённых таблиц
--

--
-- AUTO_INCREMENT для таблицы `availabilities`
--
ALTER TABLE `availabilities`
  MODIFY `id` int(11) NOT NULL AUTO_INCREMENT, AUTO_INCREMENT=13;

--
-- AUTO_INCREMENT для таблицы `categories`
--
ALTER TABLE `categories`
  MODIFY `id` int(11) NOT NULL AUTO_INCREMENT, AUTO_INCREMENT=13;

--
-- AUTO_INCREMENT для таблицы `products`
--
ALTER TABLE `products`
  MODIFY `id` int(11) NOT NULL AUTO_INCREMENT, AUTO_INCREMENT=13;

--
-- AUTO_INCREMENT для таблицы `stocks`
--
ALTER TABLE `stocks`
  MODIFY `id` int(11) NOT NULL AUTO_INCREMENT, AUTO_INCREMENT=7;
COMMIT;

/*!40101 SET CHARACTER_SET_CLIENT=@OLD_CHARACTER_SET_CLIENT */;
/*!40101 SET CHARACTER_SET_RESULTS=@OLD_CHARACTER_SET_RESULTS */;
/*!40101 SET COLLATION_CONNECTION=@OLD_COLLATION_CONNECTION */;
